patch_id,sentinel1_path,sentinel2_path,label_path
patch_00001,data\patches\sentinel1\patch_00001.npy,data\patches\sentinel2\patch_00001.npy,data\patches\labels\patch_00001.npy
patch_00002,data\patches\sentinel1\patch_00002.npy,data\patches\sentinel2\patch_00002.npy,data\patches\labels\patch_00002.npy
patch_00003,data\patches\sentinel1\patch_00003.npy,data\patches\sentinel2\patch_00003.npy,data\patches\labels\patch_00003.npy
patch_00006,data\patches\sentinel1\patch_00006.npy,data\patches\sentinel2\patch_00006.npy,data\patches\labels\patch_00006.npy
patch_00007,data\patches\sentinel1\patch_00007.npy,data\patches\sentinel2\patch_00007.npy,data\patches\labels\patch_00007.npy
patch_00008,data\patches\sentinel1\patch_00008.npy,data\patches\sentinel2\patch_00008.npy,data\patches\labels\patch_00008.npy
patch_00009,data\patches\sentinel1\patch_00009.npy,data\patches\sentinel2\patch_00009.npy,data\patches\labels\patch_00009.npy
patch_00010,data\patches\sentinel1\patch_00010.npy,data\patches\sentinel2\patch_00010.npy,data\patches\labels\patch_00010.npy
patch_00011,data\patches\sentinel1\patch_00011.npy,data\patches\sentinel2\patch_00011.npy,data\patches\labels\patch_00011.npy
patch_00012,data\patches\sentinel1\patch_00012.npy,data\patches\sentinel2\patch_00012.npy,data\patches\labels\patch_00012.npy
patch_00013,data\patches\sentinel1\patch_00013.npy,data\patches\sentinel2\patch_00013.npy,data\patches\labels\patch_00013.npy
patch_00016,data\patches\sentinel1\patch_00016.npy,data\patches\sentinel2\patch_00016.npy,data\patches\labels\patch_00016.npy
patch_00017,data\patches\sentinel1\patch_00017.npy,data\patches\sentinel2\patch_00017.npy,data\patches\labels\patch_00017.npy
patch_00018,data\patches\sentinel1\patch_00018.npy,data\patches\sentinel2\patch_00018.npy,data\patches\labels\patch_00018.npy
patch_00019,data\patches\sentinel1\patch_00019.npy,data\patches\sentinel2\patch_00019.npy,data\patches\labels\patch_00019.npy
patch_00020,data\patches\sentinel1\patch_00020.npy,data\patches\sentinel2\patch_00020.npy,data\patches\labels\patch_00020.npy
patch_00021,data\patches\sentinel1\patch_00021.npy,data\patches\sentinel2\patch_00021.npy,data\patches\labels\patch_00021.npy
patch_00022,data\patches\sentinel1\patch_00022.npy,data\patches\sentinel2\patch_00022.npy,data\patches\labels\patch_00022.npy
patch_00023,data\patches\sentinel1\patch_00023.npy,data\patches\sentinel2\patch_00023.npy,data\patches\labels\patch_00023.npy
patch_00024,data\patches\sentinel1\patch_00024.npy,data\patches\sentinel2\patch_00024.npy,data\patches\labels\patch_00024.npy
patch_00027,data\patches\sentinel1\patch_00027.npy,data\patches\sentinel2\patch_00027.npy,data\patches\labels\patch_00027.npy
patch_00028,data\patches\sentinel1\patch_00028.npy,data\patches\sentinel2\patch_00028.npy,data\patches\labels\patch_00028.npy
patch_00029,data\patches\sentinel1\patch_00029.npy,data\patches\sentinel2\patch_00029.npy,data\patches\labels\patch_00029.npy
patch_00030,data\patches\sentinel1\patch_00030.npy,data\patches\sentinel2\patch_00030.npy,data\patches\labels\patch_00030.npy
patch_00032,data\patches\sentinel1\patch_00032.npy,data\patches\sentinel2\patch_00032.npy,data\patches\labels\patch_00032.npy
patch_00033,data\patches\sentinel1\patch_00033.npy,data\patches\sentinel2\patch_00033.npy,data\patches\labels\patch_00033.npy
patch_00034,data\patches\sentinel1\patch_00034.npy,data\patches\sentinel2\patch_00034.npy,data\patches\labels\patch_00034.npy
patch_00035,data\patches\sentinel1\patch_00035.npy,data\patches\sentinel2\patch_00035.npy,data\patches\labels\patch_00035.npy
patch_00036,data\patches\sentinel1\patch_00036.npy,data\patches\sentinel2\patch_00036.npy,data\patches\labels\patch_00036.npy
patch_00037,data\patches\sentinel1\patch_00037.npy,data\patches\sentinel2\patch_00037.npy,data\patches\labels\patch_00037.npy
patch_00040,data\patches\sentinel1\patch_00040.npy,data\patches\sentinel2\patch_00040.npy,data\patches\labels\patch_00040.npy
patch_00041,data\patches\sentinel1\patch_00041.npy,data\patches\sentinel2\patch_00041.npy,data\patches\labels\patch_00041.npy
patch_00042,data\patches\sentinel1\patch_00042.npy,data\patches\sentinel2\patch_00042.npy,data\patches\labels\patch_00042.npy
patch_00043,data\patches\sentinel1\patch_00043.npy,data\patches\sentinel2\patch_00043.npy,data\patches\labels\patch_00043.npy
patch_00044,data\patches\sentinel1\patch_00044.npy,data\patches\sentinel2\patch_00044.npy,data\patches\labels\patch_00044.npy
patch_00046,data\patches\sentinel1\patch_00046.npy,data\patches\sentinel2\patch_00046.npy,data\patches\labels\patch_00046.npy
patch_00047,data\patches\sentinel1\patch_00047.npy,data\patches\sentinel2\patch_00047.npy,data\patches\labels\patch_00047.npy
patch_00048,data\patches\sentinel1\patch_00048.npy,data\patches\sentinel2\patch_00048.npy,data\patches\labels\patch_00048.npy
patch_00049,data\patches\sentinel1\patch_00049.npy,data\patches\sentinel2\patch_00049.npy,data\patches\labels\patch_00049.npy
patch_00050,data\patches\sentinel1\patch_00050.npy,data\patches\sentinel2\patch_00050.npy,data\patches\labels\patch_00050.npy
patch_00051,data\patches\sentinel1\patch_00051.npy,data\patches\sentinel2\patch_00051.npy,data\patches\labels\patch_00051.npy
patch_00054,data\patches\sentinel1\patch_00054.npy,data\patches\sentinel2\patch_00054.npy,data\patches\labels\patch_00054.npy
patch_00055,data\patches\sentinel1\patch_00055.npy,data\patches\sentinel2\patch_00055.npy,data\patches\labels\patch_00055.npy
patch_00056,data\patches\sentinel1\patch_00056.npy,data\patches\sentinel2\patch_00056.npy,data\patches\labels\patch_00056.npy
patch_00057,data\patches\sentinel1\patch_00057.npy,data\patches\sentinel2\patch_00057.npy,data\patches\labels\patch_00057.npy
patch_00058,data\patches\sentinel1\patch_00058.npy,data\patches\sentinel2\patch_00058.npy,data\patches\labels\patch_00058.npy
patch_00061,data\patches\sentinel1\patch_00061.npy,data\patches\sentinel2\patch_00061.npy,data\patches\labels\patch_00061.npy
patch_00062,data\patches\sentinel1\patch_00062.npy,data\patches\sentinel2\patch_00062.npy,data\patches\labels\patch_00062.npy
patch_00071,data\patches\sentinel1\patch_00071.npy,data\patches\sentinel2\patch_00071.npy,data\patches\labels\patch_00071.npy
patch_00072,data\patches\sentinel1\patch_00072.npy,data\patches\sentinel2\patch_00072.npy,data\patches\labels\patch_00072.npy
patch_00073,data\patches\sentinel1\patch_00073.npy,data\patches\sentinel2\patch_00073.npy,data\patches\labels\patch_00073.npy
patch_00074,data\patches\sentinel1\patch_00074.npy,data\patches\sentinel2\patch_00074.npy,data\patches\labels\patch_00074.npy
patch_00077,data\patches\sentinel1\patch_00077.npy,data\patches\sentinel2\patch_00077.npy,data\patches\labels\patch_00077.npy
patch_00078,data\patches\sentinel1\patch_00078.npy,data\patches\sentinel2\patch_00078.npy,data\patches\labels\patch_00078.npy
patch_00087,data\patches\sentinel1\patch_00087.npy,data\patches\sentinel2\patch_00087.npy,data\patches\labels\patch_00087.npy
patch_00088,data\patches\sentinel1\patch_00088.npy,data\patches\sentinel2\patch_00088.npy,data\patches\labels\patch_00088.npy
patch_00089,data\patches\sentinel1\patch_00089.npy,data\patches\sentinel2\patch_00089.npy,data\patches\labels\patch_00089.npy
patch_00090,data\patches\sentinel1\patch_00090.npy,data\patches\sentinel2\patch_00090.npy,data\patches\labels\patch_00090.npy
patch_00091,data\patches\sentinel1\patch_00091.npy,data\patches\sentinel2\patch_00091.npy,data\patches\labels\patch_00091.npy
patch_00092,data\patches\sentinel1\patch_00092.npy,data\patches\sentinel2\patch_00092.npy,data\patches\labels\patch_00092.npy
patch_00093,data\patches\sentinel1\patch_00093.npy,data\patches\sentinel2\patch_00093.npy,data\patches\labels\patch_00093.npy
patch_00094,data\patches\sentinel1\patch_00094.npy,data\patches\sentinel2\patch_00094.npy,data\patches\labels\patch_00094.npy
patch_00097,data\patches\sentinel1\patch_00097.npy,data\patches\sentinel2\patch_00097.npy,data\patches\labels\patch_00097.npy
patch_00098,data\patches\sentinel1\patch_00098.npy,data\patches\sentinel2\patch_00098.npy,data\patches\labels\patch_00098.npy
patch_00099,data\patches\sentinel1\patch_00099.npy,data\patches\sentinel2\patch_00099.npy,data\patches\labels\patch_00099.npy
patch_00100,data\patches\sentinel1\patch_00100.npy,data\patches\sentinel2\patch_00100.npy,data\patches\labels\patch_00100.npy
patch_00101,data\patches\sentinel1\patch_00101.npy,data\patches\sentinel2\patch_00101.npy,data\patches\labels\patch_00101.npy
patch_00102,data\patches\sentinel1\patch_00102.npy,data\patches\sentinel2\patch_00102.npy,data\patches\labels\patch_00102.npy
patch_00103,data\patches\sentinel1\patch_00103.npy,data\patches\sentinel2\patch_00103.npy,data\patches\labels\patch_00103.npy
patch_00104,data\patches\sentinel1\patch_00104.npy,data\patches\sentinel2\patch_00104.npy,data\patches\labels\patch_00104.npy
patch_00105,data\patches\sentinel1\patch_00105.npy,data\patches\sentinel2\patch_00105.npy,data\patches\labels\patch_00105.npy
patch_00106,data\patches\sentinel1\patch_00106.npy,data\patches\sentinel2\patch_00106.npy,data\patches\labels\patch_00106.npy
patch_00107,data\patches\sentinel1\patch_00107.npy,data\patches\sentinel2\patch_00107.npy,data\patches\labels\patch_00107.npy
patch_00108,data\patches\sentinel1\patch_00108.npy,data\patches\sentinel2\patch_00108.npy,data\patches\labels\patch_00108.npy
patch_00109,data\patches\sentinel1\patch_00109.npy,data\patches\sentinel2\patch_00109.npy,data\patches\labels\patch_00109.npy
patch_00110,data\patches\sentinel1\patch_00110.npy,data\patches\sentinel2\patch_00110.npy,data\patches\labels\patch_00110.npy
patch_00113,data\patches\sentinel1\patch_00113.npy,data\patches\sentinel2\patch_00113.npy,data\patches\labels\patch_00113.npy
patch_00114,data\patches\sentinel1\patch_00114.npy,data\patches\sentinel2\patch_00114.npy,data\patches\labels\patch_00114.npy
patch_00115,data\patches\sentinel1\patch_00115.npy,data\patches\sentinel2\patch_00115.npy,data\patches\labels\patch_00115.npy
patch_00116,data\patches\sentinel1\patch_00116.npy,data\patches\sentinel2\patch_00116.npy,data\patches\labels\patch_00116.npy
patch_00117,data\patches\sentinel1\patch_00117.npy,data\patches\sentinel2\patch_00117.npy,data\patches\labels\patch_00117.npy
patch_00118,data\patches\sentinel1\patch_00118.npy,data\patches\sentinel2\patch_00118.npy,data\patches\labels\patch_00118.npy
patch_00119,data\patches\sentinel1\patch_00119.npy,data\patches\sentinel2\patch_00119.npy,data\patches\labels\patch_00119.npy
patch_00120,data\patches\sentinel1\patch_00120.npy,data\patches\sentinel2\patch_00120.npy,data\patches\labels\patch_00120.npy
patch_00121,data\patches\sentinel1\patch_00121.npy,data\patches\sentinel2\patch_00121.npy,data\patches\labels\patch_00121.npy
patch_00122,data\patches\sentinel1\patch_00122.npy,data\patches\sentinel2\patch_00122.npy,data\patches\labels\patch_00122.npy
patch_00123,data\patches\sentinel1\patch_00123.npy,data\patches\sentinel2\patch_00123.npy,data\patches\labels\patch_00123.npy
patch_00126,data\patches\sentinel1\patch_00126.npy,data\patches\sentinel2\patch_00126.npy,data\patches\labels\patch_00126.npy
patch_00127,data\patches\sentinel1\patch_00127.npy,data\patches\sentinel2\patch_00127.npy,data\patches\labels\patch_00127.npy
patch_00128,data\patches\sentinel1\patch_00128.npy,data\patches\sentinel2\patch_00128.npy,data\patches\labels\patch_00128.npy
patch_00129,data\patches\sentinel1\patch_00129.npy,data\patches\sentinel2\patch_00129.npy,data\patches\labels\patch_00129.npy
patch_00132,data\patches\sentinel1\patch_00132.npy,data\patches\sentinel2\patch_00132.npy,data\patches\labels\patch_00132.npy
patch_00133,data\patches\sentinel1\patch_00133.npy,data\patches\sentinel2\patch_00133.npy,data\patches\labels\patch_00133.npy
patch_00136,data\patches\sentinel1\patch_00136.npy,data\patches\sentinel2\patch_00136.npy,data\patches\labels\patch_00136.npy
patch_00137,data\patches\sentinel1\patch_00137.npy,data\patches\sentinel2\patch_00137.npy,data\patches\labels\patch_00137.npy
patch_00140,data\patches\sentinel1\patch_00140.npy,data\patches\sentinel2\patch_00140.npy,data\patches\labels\patch_00140.npy
patch_00141,data\patches\sentinel1\patch_00141.npy,data\patches\sentinel2\patch_00141.npy,data\patches\labels\patch_00141.npy
patch_00142,data\patches\sentinel1\patch_00142.npy,data\patches\sentinel2\patch_00142.npy,data\patches\labels\patch_00142.npy
patch_00143,data\patches\sentinel1\patch_00143.npy,data\patches\sentinel2\patch_00143.npy,data\patches\labels\patch_00143.npy
patch_00146,data\patches\sentinel1\patch_00146.npy,data\patches\sentinel2\patch_00146.npy,data\patches\labels\patch_00146.npy
patch_00147,data\patches\sentinel1\patch_00147.npy,data\patches\sentinel2\patch_00147.npy,data\patches\labels\patch_00147.npy
patch_00150,data\patches\sentinel1\patch_00150.npy,data\patches\sentinel2\patch_00150.npy,data\patches\labels\patch_00150.npy
patch_00153,data\patches\sentinel1\patch_00153.npy,data\patches\sentinel2\patch_00153.npy,data\patches\labels\patch_00153.npy
patch_00154,data\patches\sentinel1\patch_00154.npy,data\patches\sentinel2\patch_00154.npy,data\patches\labels\patch_00154.npy
patch_00155,data\patches\sentinel1\patch_00155.npy,data\patches\sentinel2\patch_00155.npy,data\patches\labels\patch_00155.npy
patch_00156,data\patches\sentinel1\patch_00156.npy,data\patches\sentinel2\patch_00156.npy,data\patches\labels\patch_00156.npy
patch_00157,data\patches\sentinel1\patch_00157.npy,data\patches\sentinel2\patch_00157.npy,data\patches\labels\patch_00157.npy
patch_00158,data\patches\sentinel1\patch_00158.npy,data\patches\sentinel2\patch_00158.npy,data\patches\labels\patch_00158.npy
patch_00159,data\patches\sentinel1\patch_00159.npy,data\patches\sentinel2\patch_00159.npy,data\patches\labels\patch_00159.npy
patch_00160,data\patches\sentinel1\patch_00160.npy,data\patches\sentinel2\patch_00160.npy,data\patches\labels\patch_00160.npy
patch_00161,data\patches\sentinel1\patch_00161.npy,data\patches\sentinel2\patch_00161.npy,data\patches\labels\patch_00161.npy
patch_00162,data\patches\sentinel1\patch_00162.npy,data\patches\sentinel2\patch_00162.npy,data\patches\labels\patch_00162.npy
patch_00164,data\patches\sentinel1\patch_00164.npy,data\patches\sentinel2\patch_00164.npy,data\patches\labels\patch_00164.npy
patch_00165,data\patches\sentinel1\patch_00165.npy,data\patches\sentinel2\patch_00165.npy,data\patches\labels\patch_00165.npy
patch_00166,data\patches\sentinel1\patch_00166.npy,data\patches\sentinel2\patch_00166.npy,data\patches\labels\patch_00166.npy
patch_00167,data\patches\sentinel1\patch_00167.npy,data\patches\sentinel2\patch_00167.npy,data\patches\labels\patch_00167.npy
patch_00168,data\patches\sentinel1\patch_00168.npy,data\patches\sentinel2\patch_00168.npy,data\patches\labels\patch_00168.npy
patch_00169,data\patches\sentinel1\patch_00169.npy,data\patches\sentinel2\patch_00169.npy,data\patches\labels\patch_00169.npy
patch_00170,data\patches\sentinel1\patch_00170.npy,data\patches\sentinel2\patch_00170.npy,data\patches\labels\patch_00170.npy
patch_00171,data\patches\sentinel1\patch_00171.npy,data\patches\sentinel2\patch_00171.npy,data\patches\labels\patch_00171.npy
patch_00172,data\patches\sentinel1\patch_00172.npy,data\patches\sentinel2\patch_00172.npy,data\patches\labels\patch_00172.npy
patch_00174,data\patches\sentinel1\patch_00174.npy,data\patches\sentinel2\patch_00174.npy,data\patches\labels\patch_00174.npy
patch_00175,data\patches\sentinel1\patch_00175.npy,data\patches\sentinel2\patch_00175.npy,data\patches\labels\patch_00175.npy
patch_00176,data\patches\sentinel1\patch_00176.npy,data\patches\sentinel2\patch_00176.npy,data\patches\labels\patch_00176.npy
patch_00177,data\patches\sentinel1\patch_00177.npy,data\patches\sentinel2\patch_00177.npy,data\patches\labels\patch_00177.npy
