patch_id,row,column,x_offset,y_offset,valid_pixel_ratio,dominant_class,dominant_class_ratio,left,bottom,right,top
patch_00001,0,8,2048,0,0.9615,40,0.794,75.922554,14.621069,75.94555,14.644066
patch_00002,1,4,1024,256,0.992,40,0.7552,75.830566,14.598073,75.853563,14.621069
patch_00003,1,5,1280,256,1.0,40,0.7858,75.853563,14.598073,75.87656,14.621069
patch_00004,1,6,1536,256,1.0,40,0.8902,75.87656,14.598073,75.899557,14.621069
patch_00005,1,7,1792,256,1.0,40,0.8619,75.899557,14.598073,75.922554,14.621069
patch_00006,1,9,2304,256,1.0,40,0.8528,75.94555,14.598073,75.968547,14.621069
patch_00007,1,10,2560,256,1.0,40,0.7859,75.968547,14.598073,75.991544,14.621069
patch_00008,1,11,2816,256,0.9905,40,0.6442,75.991544,14.598073,76.014541,14.621069
patch_00009,2,3,768,512,1.0,40,0.7736,75.807569,14.575076,75.830566,14.598073
patch_00010,2,4,1024,512,1.0,40,0.7576,75.830566,14.575076,75.853563,14.598073
patch_00011,2,5,1280,512,1.0,40,0.6184,75.853563,14.575076,75.87656,14.598073
patch_00012,2,6,1536,512,1.0,40,0.4672,75.87656,14.575076,75.899557,14.598073
patch_00013,2,7,1792,512,1.0,40,0.8241,75.899557,14.575076,75.922554,14.598073
patch_00014,2,8,2048,512,1.0,40,0.8687,75.922554,14.575076,75.94555,14.598073
patch_00015,2,9,2304,512,1.0,40,0.8404,75.94555,14.575076,75.968547,14.598073
patch_00016,2,10,2560,512,1.0,40,0.7165,75.968547,14.575076,75.991544,14.598073
patch_00017,2,11,2816,512,1.0,20,0.6767,75.991544,14.575076,76.014541,14.598073
patch_00018,2,12,3072,512,1.0,40,0.5871,76.014541,14.575076,76.037538,14.598073
patch_00019,3,2,512,768,1.0,40,0.8665,75.784572,14.552079,75.807569,14.575076
patch_00020,3,3,768,768,1.0,40,0.6767,75.807569,14.552079,75.830566,14.575076
patch_00021,3,4,1024,768,1.0,40,0.9024,75.830566,14.552079,75.853563,14.575076
patch_00022,3,5,1280,768,1.0,40,0.7596,75.853563,14.552079,75.87656,14.575076
patch_00023,3,6,1536,768,1.0,20,0.4172,75.87656,14.552079,75.899557,14.575076
patch_00024,3,7,1792,768,1.0,40,0.5829,75.899557,14.552079,75.922554,14.575076
patch_00025,3,8,2048,768,1.0,40,0.9001,75.922554,14.552079,75.94555,14.575076
patch_00026,3,9,2304,768,1.0,40,0.8438,75.94555,14.552079,75.968547,14.575076
patch_00027,3,10,2560,768,1.0,40,0.9108,75.968547,14.552079,75.991544,14.575076
patch_00028,3,11,2816,768,1.0,40,0.4675,75.991544,14.552079,76.014541,14.575076
patch_00029,3,12,3072,768,1.0,40,0.6464,76.014541,14.552079,76.037538,14.575076
patch_00030,3,13,3328,768,1.0,40,0.5527,76.037538,14.552079,76.060535,14.575076
patch_00031,4,1,256,1024,0.9988,40,0.5632,75.761575,14.529082,75.784572,14.552079
patch_00032,4,2,512,1024,1.0,40,0.5255,75.784572,14.529082,75.807569,14.552079
patch_00033,4,3,768,1024,1.0,40,0.4256,75.807569,14.529082,75.830566,14.552079
patch_00034,4,4,1024,1024,1.0,40,0.9269,75.830566,14.529082,75.853563,14.552079
patch_00035,4,5,1280,1024,1.0,40,0.8156,75.853563,14.529082,75.87656,14.552079
patch_00036,4,6,1536,1024,1.0,40,0.909,75.87656,14.529082,75.899557,14.552079
patch_00037,4,7,1792,1024,1.0,40,0.8095,75.899557,14.529082,75.922554,14.552079
patch_00038,4,8,2048,1024,1.0,40,0.7866,75.922554,14.529082,75.94555,14.552079
patch_00039,4,9,2304,1024,1.0,40,0.8627,75.94555,14.529082,75.968547,14.552079
patch_00040,4,10,2560,1024,1.0,40,0.7023,75.968547,14.529082,75.991544,14.552079
patch_00041,4,11,2816,1024,1.0,40,0.8006,75.991544,14.529082,76.014541,14.552079
patch_00042,4,12,3072,1024,1.0,40,0.6878,76.014541,14.529082,76.037538,14.552079
patch_00043,4,13,3328,1024,1.0,40,0.6684,76.037538,14.529082,76.060535,14.552079
patch_00044,4,14,3584,1024,0.9996,40,0.7312,76.060535,14.529082,76.083532,14.552079
patch_00045,5,1,256,1280,1.0,40,0.4683,75.761575,14.506085,75.784572,14.529082
patch_00046,5,2,512,1280,1.0,10,0.3019,75.784572,14.506085,75.807569,14.529082
patch_00047,5,3,768,1280,1.0,40,0.4071,75.807569,14.506085,75.830566,14.529082
patch_00048,5,4,1024,1280,1.0,40,0.7406,75.830566,14.506085,75.853563,14.529082
patch_00049,5,5,1280,1280,1.0,40,0.7778,75.853563,14.506085,75.87656,14.529082
patch_00050,5,6,1536,1280,1.0,40,0.8209,75.87656,14.506085,75.899557,14.529082
patch_00051,5,7,1792,1280,1.0,40,0.7999,75.899557,14.506085,75.922554,14.529082
patch_00052,5,8,2048,1280,1.0,40,0.6014,75.922554,14.506085,75.94555,14.529082
patch_00053,5,9,2304,1280,1.0,40,0.6921,75.94555,14.506085,75.968547,14.529082
patch_00054,5,10,2560,1280,1.0,40,0.7492,75.968547,14.506085,75.991544,14.529082
patch_00055,5,11,2816,1280,1.0,40,0.7883,75.991544,14.506085,76.014541,14.529082
patch_00056,5,12,3072,1280,1.0,40,0.8035,76.014541,14.506085,76.037538,14.529082
patch_00057,5,13,3328,1280,1.0,40,0.8493,76.037538,14.506085,76.060535,14.529082
patch_00058,5,14,3584,1280,1.0,40,0.8558,76.060535,14.506085,76.083532,14.529082
patch_00059,6,0,0,1536,0.9088,40,0.8169,75.738579,14.483088,75.761575,14.506085
patch_00060,6,1,256,1536,1.0,40,0.7401,75.761575,14.483088,75.784572,14.506085
patch_00061,6,2,512,1536,1.0,40,0.4862,75.784572,14.483088,75.807569,14.506085
patch_00062,6,3,768,1536,1.0,40,0.6657,75.807569,14.483088,75.830566,14.506085
patch_00063,6,4,1024,1536,1.0,40,0.5847,75.830566,14.483088,75.853563,14.506085
patch_00064,6,5,1280,1536,1.0,40,0.7568,75.853563,14.483088,75.87656,14.506085
patch_00065,6,6,1536,1536,1.0,40,0.7635,75.87656,14.483088,75.899557,14.506085
patch_00066,6,7,1792,1536,1.0,40,0.6134,75.899557,14.483088,75.922554,14.506085
patch_00067,6,8,2048,1536,1.0,10,0.5079,75.922554,14.483088,75.94555,14.506085
patch_00068,6,9,2304,1536,1.0,10,0.4813,75.94555,14.483088,75.968547,14.506085
patch_00069,6,10,2560,1536,1.0,40,0.5034,75.968547,14.483088,75.991544,14.506085
patch_00070,6,11,2816,1536,1.0,40,0.7592,75.991544,14.483088,76.014541,14.506085
patch_00071,6,12,3072,1536,1.0,40,0.6498,76.014541,14.483088,76.037538,14.506085
patch_00072,6,13,3328,1536,1.0,40,0.7739,76.037538,14.483088,76.060535,14.506085
patch_00073,6,14,3584,1536,1.0,40,0.7704,76.060535,14.483088,76.083532,14.506085
patch_00074,6,15,3840,1536,0.9192,40,0.8318,76.083532,14.483088,76.106529,14.506085
patch_00075,7,0,0,1792,0.9803,40,0.9032,75.738579,14.460091,75.761575,14.483088
patch_00076,7,1,256,1792,1.0,40,0.6183,75.761575,14.460091,75.784572,14.483088
patch_00077,7,2,512,1792,1.0,40,0.5433,75.784572,14.460091,75.807569,14.483088
patch_00078,7,3,768,1792,1.0,40,0.5978,75.807569,14.460091,75.830566,14.483088
patch_00079,7,4,1024,1792,1.0,40,0.5936,75.830566,14.460091,75.853563,14.483088
patch_00080,7,5,1280,1792,1.0,40,0.7365,75.853563,14.460091,75.87656,14.483088
patch_00081,7,6,1536,1792,1.0,40,0.3725,75.87656,14.460091,75.899557,14.483088
patch_00082,7,7,1792,1792,1.0,50,0.7751,75.899557,14.460091,75.922554,14.483088
patch_00083,7,8,2048,1792,1.0,50,0.4865,75.922554,14.460091,75.94555,14.483088
patch_00084,7,9,2304,1792,1.0,40,0.6051,75.94555,14.460091,75.968547,14.483088
patch_00085,7,10,2560,1792,1.0,10,0.5343,75.968547,14.460091,75.991544,14.483088
patch_00086,7,11,2816,1792,1.0,40,0.7342,75.991544,14.460091,76.014541,14.483088
patch_00087,7,12,3072,1792,1.0,40,0.8355,76.014541,14.460091,76.037538,14.483088
patch_00088,7,13,3328,1792,1.0,40,0.862,76.037538,14.460091,76.060535,14.483088
patch_00089,7,14,3584,1792,1.0,40,0.7246,76.060535,14.460091,76.083532,14.483088
patch_00090,7,15,3840,1792,1.0,40,0.6877,76.083532,14.460091,76.106529,14.483088
patch_00091,8,0,0,2048,0.9894,40,0.9223,75.738579,14.437094,75.761575,14.460091
patch_00092,8,1,256,2048,1.0,40,0.5422,75.761575,14.437094,75.784572,14.460091
patch_00093,8,2,512,2048,1.0,40,0.7469,75.784572,14.437094,75.807569,14.460091
patch_00094,8,3,768,2048,1.0,40,0.704,75.807569,14.437094,75.830566,14.460091
patch_00095,8,4,1024,2048,1.0,40,0.7889,75.830566,14.437094,75.853563,14.460091
patch_00096,8,5,1280,2048,1.0,40,0.6469,75.853563,14.437094,75.87656,14.460091
patch_00097,8,6,1536,2048,1.0,40,0.5425,75.87656,14.437094,75.899557,14.460091
patch_00098,8,7,1792,2048,1.0,50,0.7515,75.899557,14.437094,75.922554,14.460091
patch_00099,8,8,2048,2048,1.0,50,0.6271,75.922554,14.437094,75.94555,14.460091
patch_00100,8,9,2304,2048,1.0,40,0.6168,75.94555,14.437094,75.968547,14.460091
patch_00101,8,10,2560,2048,1.0,10,0.5072,75.968547,14.437094,75.991544,14.460091
patch_00102,8,11,2816,2048,1.0,40,0.632,75.991544,14.437094,76.014541,14.460091
patch_00103,8,12,3072,2048,1.0,40,0.6925,76.014541,14.437094,76.037538,14.460091
patch_00104,8,13,3328,2048,1.0,40,0.7968,76.037538,14.437094,76.060535,14.460091
patch_00105,8,14,3584,2048,1.0,40,0.8249,76.060535,14.437094,76.083532,14.460091
patch_00106,8,15,3840,2048,0.9949,40,0.7477,76.083532,14.437094,76.106529,14.460091
patch_00107,9,0,0,2304,0.8069,40,0.825,75.738579,14.414098,75.761575,14.437094
patch_00108,9,1,256,2304,1.0,40,0.7131,75.761575,14.414098,75.784572,14.437094
patch_00109,9,2,512,2304,1.0,40,0.831,75.784572,14.414098,75.807569,14.437094
patch_00110,9,3,768,2304,1.0,40,0.8261,75.807569,14.414098,75.830566,14.437094
patch_00111,9,4,1024,2304,1.0,40,0.7751,75.830566,14.414098,75.853563,14.437094
patch_00112,9,5,1280,2304,1.0,40,0.7638,75.853563,14.414098,75.87656,14.437094
patch_00113,9,6,1536,2304,1.0,40,0.5841,75.87656,14.414098,75.899557,14.437094
patch_00114,9,7,1792,2304,1.0,40,0.4975,75.899557,14.414098,75.922554,14.437094
patch_00115,9,8,2048,2304,1.0,40,0.3439,75.922554,14.414098,75.94555,14.437094
patch_00116,9,9,2304,2304,1.0,40,0.6014,75.94555,14.414098,75.968547,14.437094
patch_00117,9,10,2560,2304,1.0,40,0.6637,75.968547,14.414098,75.991544,14.437094
patch_00118,9,11,2816,2304,1.0,40,0.5021,75.991544,14.414098,76.014541,14.437094
patch_00119,9,12,3072,2304,1.0,40,0.6838,76.014541,14.414098,76.037538,14.437094
patch_00120,9,13,3328,2304,1.0,40,0.7492,76.037538,14.414098,76.060535,14.437094
patch_00121,9,14,3584,2304,1.0,40,0.6384,76.060535,14.414098,76.083532,14.437094
patch_00122,9,15,3840,2304,0.8734,40,0.7516,76.083532,14.414098,76.106529,14.437094
patch_00123,10,1,256,2560,1.0,40,0.7718,75.761575,14.391101,75.784572,14.414098
patch_00124,10,2,512,2560,1.0,40,0.8696,75.784572,14.391101,75.807569,14.414098
patch_00125,10,3,768,2560,1.0,40,0.6986,75.807569,14.391101,75.830566,14.414098
patch_00126,10,4,1024,2560,1.0,40,0.774,75.830566,14.391101,75.853563,14.414098
patch_00127,10,5,1280,2560,1.0,40,0.8231,75.853563,14.391101,75.87656,14.414098
patch_00128,10,6,1536,2560,1.0,40,0.7259,75.87656,14.391101,75.899557,14.414098
patch_00129,10,7,1792,2560,1.0,40,0.5664,75.899557,14.391101,75.922554,14.414098
patch_00130,10,8,2048,2560,1.0,40,0.5311,75.922554,14.391101,75.94555,14.414098
patch_00131,10,9,2304,2560,1.0,40,0.4599,75.94555,14.391101,75.968547,14.414098
patch_00132,10,10,2560,2560,1.0,40,0.521,75.968547,14.391101,75.991544,14.414098
patch_00133,10,11,2816,2560,1.0,40,0.707,75.991544,14.391101,76.014541,14.414098
patch_00134,10,12,3072,2560,1.0,40,0.7341,76.014541,14.391101,76.037538,14.414098
patch_00135,10,13,3328,2560,1.0,40,0.6307,76.037538,14.391101,76.060535,14.414098
patch_00136,10,14,3584,2560,1.0,40,0.7429,76.060535,14.391101,76.083532,14.414098
patch_00137,11,1,256,2816,0.9415,40,0.7405,75.761575,14.368104,75.784572,14.391101
patch_00138,11,2,512,2816,1.0,40,0.8629,75.784572,14.368104,75.807569,14.391101
patch_00139,11,3,768,2816,1.0,40,0.5809,75.807569,14.368104,75.830566,14.391101
patch_00140,11,4,1024,2816,1.0,40,0.4733,75.830566,14.368104,75.853563,14.391101
patch_00141,11,5,1280,2816,1.0,40,0.7278,75.853563,14.368104,75.87656,14.391101
patch_00142,11,6,1536,2816,1.0,40,0.7036,75.87656,14.368104,75.899557,14.391101
patch_00143,11,7,1792,2816,1.0,40,0.6151,75.899557,14.368104,75.922554,14.391101
patch_00144,11,8,2048,2816,1.0,40,0.679,75.922554,14.368104,75.94555,14.391101
patch_00145,11,9,2304,2816,1.0,40,0.6324,75.94555,14.368104,75.968547,14.391101
patch_00146,11,10,2560,2816,1.0,40,0.517,75.968547,14.368104,75.991544,14.391101
patch_00147,11,11,2816,2816,1.0,40,0.7846,75.991544,14.368104,76.014541,14.391101
patch_00148,11,12,3072,2816,1.0,40,0.8215,76.014541,14.368104,76.037538,14.391101
patch_00149,11,13,3328,2816,1.0,40,0.7303,76.037538,14.368104,76.060535,14.391101
patch_00150,11,14,3584,2816,0.9641,40,0.6017,76.060535,14.368104,76.083532,14.391101
patch_00151,12,2,512,3072,1.0,40,0.7271,75.784572,14.345107,75.807569,14.368104
patch_00152,12,3,768,3072,1.0,40,0.6554,75.807569,14.345107,75.830566,14.368104
patch_00153,12,4,1024,3072,1.0,40,0.6512,75.830566,14.345107,75.853563,14.368104
patch_00154,12,5,1280,3072,1.0,40,0.7398,75.853563,14.345107,75.87656,14.368104
patch_00155,12,6,1536,3072,1.0,40,0.6804,75.87656,14.345107,75.899557,14.368104
patch_00156,12,7,1792,3072,1.0,40,0.6572,75.899557,14.345107,75.922554,14.368104
patch_00157,12,8,2048,3072,1.0,40,0.7796,75.922554,14.345107,75.94555,14.368104
patch_00158,12,9,2304,3072,1.0,40,0.8791,75.94555,14.345107,75.968547,14.368104
patch_00159,12,10,2560,3072,1.0,40,0.6694,75.968547,14.345107,75.991544,14.368104
patch_00160,12,11,2816,3072,1.0,40,0.6662,75.991544,14.345107,76.014541,14.368104
patch_00161,12,12,3072,3072,1.0,40,0.7984,76.014541,14.345107,76.037538,14.368104
patch_00162,12,13,3328,3072,1.0,40,0.7879,76.037538,14.345107,76.060535,14.368104
patch_00163,13,3,768,3328,0.9921,40,0.8192,75.807569,14.32211,75.830566,14.345107
patch_00164,13,4,1024,3328,1.0,40,0.7274,75.830566,14.32211,75.853563,14.345107
patch_00165,13,5,1280,3328,1.0,40,0.5415,75.853563,14.32211,75.87656,14.345107
patch_00166,13,6,1536,3328,1.0,10,0.4715,75.87656,14.32211,75.899557,14.345107
patch_00167,13,7,1792,3328,1.0,40,0.6851,75.899557,14.32211,75.922554,14.345107
patch_00168,13,8,2048,3328,1.0,40,0.8002,75.922554,14.32211,75.94555,14.345107
patch_00169,13,9,2304,3328,1.0,40,0.7901,75.94555,14.32211,75.968547,14.345107
patch_00170,13,10,2560,3328,1.0,40,0.7068,75.968547,14.32211,75.991544,14.345107
patch_00171,13,11,2816,3328,1.0,10,0.4759,75.991544,14.32211,76.014541,14.345107
patch_00172,13,12,3072,3328,0.9931,40,0.5604,76.014541,14.32211,76.037538,14.345107
patch_00173,14,5,1280,3584,1.0,40,0.5949,75.853563,14.299113,75.87656,14.32211
patch_00174,14,6,1536,3584,1.0,40,0.543,75.87656,14.299113,75.899557,14.32211
patch_00175,14,7,1792,3584,1.0,40,0.7444,75.899557,14.299113,75.922554,14.32211
patch_00176,14,8,2048,3584,1.0,40,0.7312,75.922554,14.299113,75.94555,14.32211
patch_00177,14,9,2304,3584,1.0,40,0.8843,75.94555,14.299113,75.968547,14.32211
patch_00178,14,10,2560,3584,1.0,40,0.6419,75.968547,14.299113,75.991544,14.32211
patch_00179,14,11,2816,3584,0.8198,10,0.492,75.991544,14.299113,76.014541,14.32211
